"OUyP9d",
"i6bKic",
"C8UREk",
"LN9p4W",
"sVadmi",
"JNEHx4",
"QtKGuf",
"Iwfeu3",
"sgFSsb",
"eBc1lL",
"3QzJWU",
"5eqmX1",
"f9LKf6",
"ryuAcm",
"59elUx",
"MkoWI1",
"W+2P+B",
"K5CtGt",
"XoF8d6",
"tq4Oy6",
"hOk0CX",
"ihREr5",
"dxtccj",
"tIE68V",
"PeWAPH",
"6Cxyse",
"ZA6ac",
"2UMZYX",
"fNs9Nh",
"jSlm+I",
"ONVjag",
"StbGY9",
"2gbeMc",
"G5kHPC",
"0HB+oL",
"mrvWPZ",
"jSsXtb",
"NxBQRM",
"pxiLYa",
"0UG1U",
"isQwkp",
"4BTCg",
"eeo10Y",
"lzqyxx",
"GfCCNI",
"MlgiS4",
"WsxPTn",
"cDr+BY",
"2qwJWj",
"0miGJh",
"bqLhb8",
"C657mr",
"AcMe3u",
"x7kg9X",
"rr6YTX",
"6iINkB",
"KXNDpO",
"Svbf98",
"6PH8W+",
"KaeWfS",
"S2dUzC",
"RYTTkv",
"hYRAZR",
"Lvf5Bd",
"AmF+Bp",
"J8BY4p",
"MlEjjv"